id,first_name,last_name,email,gender,city
1,Leona,Uren,luren0@bandcamp.com,Male,Laixi
2,Davie,Stainburn,dstainburn1@twitter.com,Male,Beizhakou
3,Connie,Haking,chaking2@edublogs.org,Male,"Eustaquio Lopez"
5,Jerome,Witts,jwitts4@slate.com,Male,Akora
6,Janifer,Terren,jterren5@wufoo.com,Female,Hetou
7,Averell,Capstaff,acapstaff6@epa.gov,Male,"Barra do Piraí"
8,Alejandrina,Kelemen,akelemen7@hhs.gov,Female,Baishi
9,Julie,Sannes,jsannes8@rambler.ru,Female,"São Paulo"
11,Reed,Capell,rcapella@biglobe.ne.jp,Male,London
12,Danica,Dimont,ddimontb@dmoz.org,Male,Borogontsy
13,Sheilah,Killcross,skillcrossc@admin.ch,Male,Götene
14,Lynne,Putten,lputtend@sohu.com,Female,Sunfang
15,Harli,Spradbery,hspradberye@free.fr,Female,Erdaocha
16,Garek,Trayling,gtraylingf@hubpages.com,Female,Pesqueira
17,Gearard,Gatty,ggattyg@mozilla.org,Male,Teykovo
18,Ronni,Oulner,roulnerh@typepad.com,Male,Kwale
19,Holden,Klimkowski,hklimkowskii@oracle.com,Female,"Church End"
20,Issie,Gayton,igaytonj@bandcamp.com,Female,Pozuzo
21,Nancee,Fielden,nfieldenk@about.com,Male,Ordóñez
22,Nelle,Boughtflower,nboughtflowerl@uol.com.br,Male,Pailiao
23,Norry,Tanser,ntanserm@github.io,Male,Kanganpur
24,Melisenda,Taylour,mtaylourn@mediafire.com,Female,Dongfeng
25,Elsie,Jansie,ejansieo@blog.com,Female,Boyeros
26,Barrett,Bruckmann,bbruckmannp@blogger.com,Male,Doksy
28,Baxter,Bedding,bbeddingr@adobe.com,Female,"Maayong Tubig"
29,Shelbi,Graffin,sgraffins@ucoz.ru,Male,Gresik
30,Alleen,Sympson,asympsont@dagondesign.com,Female,Sanjinquan
31,Hyacinthia,Bott,hbottu@diigo.com,Male,Carhuamayo
32,Melania,Petyakov,mpetyakovv@exblog.jp,Female,Imishli
33,Meir,Lafflin,mlafflinw@vistaprint.com,Female,Itabaianinha
34,Dalia,Barnard,dbarnardx@facebook.com,Female,Alepoú
35,Bernardine,Baudins,bbaudinsy@samsung.com,Female,Sabanagrande
36,Nelie,Brion,nbrionz@prweb.com,Male,Izbicko
37,Lorilee,MacKibbon,lmackibbon10@rediff.com,Female,"Monte da Pedra"
38,Frederik,Soane,fsoane11@soup.io,Male,Wenchi
39,Holmes,Slisby,hslisby12@ask.com,Male,Gewanē
40,Zonnya,Whitty,zwhitty13@cdc.gov,Female,Chocos
41,Devina,Gaythwaite,dgaythwaite14@wordpress.org,Male,Dao
42,Rochella,Garrelts,rgarrelts15@eepurl.com,Female,Shilong
43,Casie,Langthorne,clangthorne16@webnode.com,Female,Nancy
44,Hy,Pull,hpull17@pagesperso-orange.fr,Male,Morazán
45,Owen,Walworche,owalworche18@prlog.org,Female,Lewisporte
46,Basil,Cazalet,bcazalet19@pinterest.com,Male,Itajubá
47,Kalindi,Mewhirter,kmewhirter1a@uiuc.edu,Male,Kabala
48,Isak,Elphick,ielphick1b@topsy.com,Female,Coutada
49,Rabi,Kirkbright,rkirkbright1c@aol.com,Female,Nan’an
50,Hilde,Verrills,hverrills1d@multiply.com,Female,Siva
51,Lance,Reaman,lreaman1e@upenn.edu,Male,Riah
52,Lorrayne,Rossin,lrossin1f@utexas.edu,Male,Melgar
53,Coreen,Goodey,cgoodey1g@twitter.com,Male,Blumbang
54,Nevins,Fritter,nfritter1h@redcross.org,Female,Sembakung
55,Talyah,Bogart,tbogart1i@reverbnation.com,Female,Dalubian
56,Daria,Ullrich,dullrich1j@ustream.tv,Male,Bandungsari
58,Ogden,Walkinshaw,owalkinshaw1l@seesaa.net,Male,Cincinnati
59,Isak,Hayto,ihayto1m@virginia.edu,Male,Linan
60,Tasha,Gratton,tgratton1n@lycos.com,Female,Huayuan
61,Phedra,Kiraly,pkiraly1o@google.ca,Male,Luar
62,Bobby,Gayne,bgayne1p@state.gov,Female,Liushikou
63,Rudy,Bilby,rbilby1q@pagesperso-orange.fr,Male,Qihama
64,Cori,MacGettigen,cmacgettigen1r@tripod.com,Female,Skovorodino
65,Bevin,MacMoyer,bmacmoyer1s@usda.gov,Male,Stockholm
66,Minette,Batey,mbatey1t@edublogs.org,Female,Konakridee
67,Theodor,Sagrott,tsagrott1u@jiathis.com,Male,Karangtengah
68,Theda,Beale,tbeale1v@parallels.com,Male,San
69,Marilin,McCarron,mmccarron1w@feedburner.com,Male,Romny
70,Gibb,Giral,ggiral1x@rakuten.co.jp,Male,Baiheshan
71,Franni,Hauck,fhauck1y@mozilla.org,Male,Qobu
72,Fawnia,Hare,fhare1z@usnews.com,Male,Cidadap
73,Kessiah,Burgon,kburgon20@whitehouse.gov,Male,Tabuaço
74,Gilli,Linfitt,glinfitt21@plala.or.jp,Male,Machalí
75,Bettye,Looker,blooker22@over-blog.com,Female,Menanga
76,Rube,Luxton,rluxton23@infoseek.co.jp,Female,Karasuyama
77,Mikey,Thumim,mthumim24@elegantthemes.com,Female,Ōme
78,Marga,Tumpane,mtumpane25@blogs.com,Male,Xiaoshi
79,Arther,Sizeland,asizeland26@hibu.com,Male,Fengzhou
80,Alis,Baudain,abaudain27@hao123.com,Male,Blažovice
81,Sebastian,Boichat,sboichat28@photobucket.com,Male,Shilin
82,Park,Davidovicz,pdavidovicz29@statcounter.com,Male,Zuya
83,Beatrisa,Knotton,bknotton2a@t.co,Male,Jinrui
84,Amy,Longmore,alongmore2b@prnewswire.com,Female,Shatian
85,Peggy,Twinborne,ptwinborne2c@theguardian.com,Male,Peliyagoda
86,Terrill,Crease,tcrease2d@etsy.com,Female,Fontinha
87,Ahmad,Chance,achance2e@posterous.com,Female,"Tawan tawan"
88,Harvey,Eyles,heyles2f@smugmug.com,Male,"Long Beluah"
89,Franklin,Quilliam,fquilliam2g@walmart.com,Female,Ciawi
91,Torre,O'Corr,tocorr2i@usa.gov,Female,Pasadena
92,Pen,Dalton,pdalton2j@smh.com.au,Male,Junbu
93,Kippy,Peplow,kpeplow2k@ucoz.ru,Female,Ribeiro
94,Tobe,Allery,tallery2l@apache.org,Female,Kuching
96,Marta,"O' Markey",momarkey2n@1688.com,Female,"Birnin Kebbi"
97,Katie,Mostyn,kmostyn2o@skyrock.com,Male,Féres
98,Dickie,Furness,dfurness2p@ted.com,Female,Roa
99,Franz,Espin,fespin2q@goodreads.com,Female,Kuteynykove
101,Rafi,Calltone,rcalltone2s@bing.com,Male,Nantes
102,Melonie,Bayman,mbayman2t@ted.com,Male,Jaraguá
104,Georgianna,Gisburn,ggisburn2v@google.it,Male,Aygek
105,Ann-marie,Dingate,adingate2w@mediafire.com,Male,"Tân Kỳ"
106,Simone,Terbruggen,sterbruggen2x@nps.gov,Male,Yantan
107,Jephthah,Schuricht,jschuricht2y@squidoo.com,Female,Vavoua
108,Annissa,Huntley,ahuntley2z@blogspot.com,Female,Abua
109,Felicia,Gallatly,fgallatly30@earthlink.net,Female,"Kout na Šumavě"
110,Dela,Padula,dpadula31@dyndns.org,Male,"Río Cauto"
111,Johannah,Stripp,jstripp32@weibo.com,Female,Yesan
112,Ruprecht,Milmore,rmilmore33@alexa.com,Male,Yinkeng
114,Teodorico,Acory,tacory35@ocn.ne.jp,Male,"Eastern Suburbs Mc"
115,Dewie,Kubis,dkubis36@jimdo.com,Female,Klobuky
116,Jana,Louthe,jlouthe37@bizjournals.com,Female,Caledon
117,Lucila,Dilkes,ldilkes38@senate.gov,Female,Wuying
118,Cal,Cockshut,ccockshut39@squidoo.com,Female,Karanggintung
119,Lonnie,Kirsche,lkirsche3a@youtube.com,Male,Ladário
120,Beau,Gianiello,bgianiello3b@blogs.com,Male,Blumenau
121,Blancha,Manass,bmanass3c@prlog.org,Male,Tyler
122,Sadye,Raunds,sraunds3d@skyrock.com,Female,"Talin Hiag"
124,Tess,Brackpool,tbrackpool3f@meetup.com,Male,Jablah
125,Edeline,"Van der Spohr",evanderspohr3g@timesonline.co.uk,Female,Porsgrunn
126,Micky,Stokes,mstokes3h@ycombinator.com,Female,Yanhong
127,Cristie,Heeley,cheeley3i@yahoo.co.jp,Female,Mabai
128,Randolph,Freckleton,rfreckleton3j@nbcnews.com,Male,"Yerba Buena"
129,Vinni,Duigan,vduigan3k@gmpg.org,Male,Babakankiray
130,Fanechka,Wicher,fwicher3l@posterous.com,Male,Sochi
132,Marten,Popplestone,mpopplestone3n@samsung.com,Female,Sruki
133,Willette,Tilby,wtilby3o@mysql.com,Male,"Espírito Santo do Pinhal"
134,Kirbee,Gorries,kgorries3p@nifty.com,Male,Zhongfang
135,Scarface,Tineman,stineman3q@bloglovin.com,Female,Château-Richer
136,Tom,Escritt,tescritt3r@paginegialle.it,Female,Colomiers
137,Herve,Beevors,hbeevors3s@yandex.ru,Female,Ushi
138,Mandie,Surgenor,msurgenor3t@cafepress.com,Female,Järfälla
139,Ilysa,Shubotham,ishubotham3u@goo.ne.jp,Female,Balykchy
140,Fredrika,Cauderlie,fcauderlie3v@t.co,Male,Tubigan
141,Clarey,Hawsby,chawsby3w@google.com.hk,Female,"Coruña, A"
143,Clayborne,Pencott,cpencott3y@google.co.uk,Male,Pesqueira
145,Umberto,Vedyaev,uvedyaev40@addtoany.com,Female,Longfengshan
146,Odelia,Chaloner,ochaloner41@gizmodo.com,Male,"La Soledad"
148,Esta,Physic,ephysic43@vimeo.com,Female,"San Simón"
149,Vernor,Osichev,vosichev44@discuz.net,Female,Kyriáki
150,Erika,MacAvaddy,emacavaddy45@acquirethisname.com,Male,Selenicë
151,Carita,Deveraux,cdeveraux46@rediff.com,Female,Teresita
153,Laverne,Caldeyroux,lcaldeyroux48@1688.com,Female,Kétou
154,Pietro,Lyffe,plyffe49@1und1.de,Female,Xianglong
156,Vanya,Lumm,vlumm4b@irs.gov,Male,Zernograd
157,Nils,Kobera,nkobera4c@sakura.ne.jp,Male,Senovo
158,Daryn,Grevile,dgrevile4d@weebly.com,Female,Bungereng
159,Piotr,Timlett,ptimlett4e@about.me,Female,Shuangqiao
160,Annalise,Player,aplayer4f@netlog.com,Male,Ngadipuro
161,Hort,Berthelmot,hberthelmot4g@example.com,Male,Tuburan
162,Cristine,Kingdon,ckingdon4h@blog.com,Female,Quezon
163,Faina,Ygou,fygou4i@chron.com,Male,Qiqian
164,Jeannette,Birkhead,jbirkhead4j@joomla.org,Female,Matsutō
165,Elias,Lazar,elazar4k@pinterest.com,Male,Genova
166,Rubi,Fettis,rfettis4l@gov.uk,Female,Taotang
167,Gwenore,Urwin,gurwin4m@nhs.uk,Female,Chang’an
168,Alberik,Desson,adesson4n@miibeian.gov.cn,Female,"Bella Vista"
169,Trix,Chatterton,tchatterton4o@booking.com,Female,Malaba
171,Gayleen,Palin,gpalin4q@seattletimes.com,Female,Kotabaru
172,Doe,Legendre,dlegendre4r@indiegogo.com,Female,Effium
173,Lenette,Maslen,lmaslen4s@businesswire.com,Male,Dengzishan
174,Fidela,Boldison,fboldison4t@php.net,Male,Cegłów
176,Torey,Syalvester,tsyalvester4v@prlog.org,Female,Mayorga
177,Daune,Kitcat,dkitcat4w@google.ca,Female,Anambongan
178,Thom,Sibley,tsibley4x@wikispaces.com,Male,Ćmielów
180,Leanor,Wannop,lwannop4z@opera.com,Female,Pinyug
181,Doralynn,Heugh,dheugh50@cnbc.com,Female,Rawawilis
182,Rene,Airth,rairth51@biglobe.ne.jp,Female,"Mīr Bachah Kōṯ"
183,Jesus,Vaggers,jvaggers52@wisc.edu,Male,Salamá
184,Doralynne,Janek,djanek53@omniture.com,Male,Shangbahe
185,Birch,Jiggen,bjiggen54@zdnet.com,Male,Obubra
186,Germain,Saintsbury,gsaintsbury55@google.com.br,Female,Pawłowiczki
187,Vidovik,"Van Der Hoog",vvanderhoog56@home.pl,Male,Kapakabisa
188,Benny,Erswell,berswell57@ning.com,Female,Biaoshan
189,Homerus,Darrow,hdarrow58@trellian.com,Female,Amuñgan
190,Evey,Mounce,emounce59@google.com.hk,Female,La’ershan
191,Cally,Maharey,cmaharey5a@ihg.com,Male,Dongbatu
192,Nanny,Shane,nshane5b@constantcontact.com,Female,Warlubie
193,Maxi,Bettridge,mbettridge5c@loc.gov,Male,Cumedak
194,Ginni,Jinda,gjinda5d@acquirethisname.com,Male,Colima
195,Ado,Hinkensen,ahinkensen5e@cbsnews.com,Female,Itsandra
196,Amalie,Houlton,ahoulton5f@bandcamp.com,Female,Kakegawa
197,Nelson,Licciardiello,nlicciardiello5g@hubpages.com,Male,Lyon
199,Hilde,Lound,hlound5i@economist.com,Female,Rače
200,Gae,Thing,gthing5j@blogtalkradio.com,Male,Caiyuan
201,Ludvig,Bresson,lbresson5k@usgs.gov,Female,Vadstena
202,Thomas,Parsonage,tparsonage5l@so-net.ne.jp,Male,Xinfeng
203,Eberhard,Leatherland,eleatherland5m@goo.ne.jp,Male,Meixi
204,Emeline,Emma,eemma5n@fotki.com,Female,Evansville
205,Madelena,Tough,mtough5o@mit.edu,Female,Huskvarna
206,Gardner,Glancey,gglancey5p@uol.com.br,Female,Jitian
207,Jordana,Munn,jmunn5q@zdnet.com,Male,Darenzhuang
208,June,Brisson,jbrisson5r@marriott.com,Male,Pidvolochys’k
209,Trefor,Caudelier,tcaudelier5s@cpanel.net,Male,"At Taḩālif"
210,Michele,Dykes,mdykes5t@t-online.de,Female,Tymbark
211,Catarina,Cervantes,ccervantes5u@blog.com,Female,Cileueur
212,Jo,Picford,jpicford5v@webmd.com,Female,"San Agustín"
213,Ida,Tebbit,itebbit5w@uiuc.edu,Female,"Olhos de Água"
214,Pammi,Collcutt,pcollcutt5x@amazon.co.jp,Male,Manzanillo
216,Lilli,Spoerl,lspoerl5z@newyorker.com,Male,Saint-Tite
217,Dara,Raynes,draynes60@unicef.org,Female,Kotido
219,Etta,Morgans,emorgans62@paginegialle.it,Female,Powassan
220,Tiffi,Housecroft,thousecroft63@lycos.com,Female,Beigao
222,Edgar,Arnhold,earnhold65@columbia.edu,Male,Leuweheq
223,Elissa,Bonn,ebonn66@exblog.jp,Female,"Tarlac City"
224,Enrico,Lovering,elovering67@spotify.com,Male,Gammad
225,Bealle,Rucklidge,brucklidge68@twitpic.com,Male,Dikson
226,Giff,Weadick,gweadick69@timesonline.co.uk,Female,København
227,Shandra,Partner,spartner6a@booking.com,Female,Koga
228,Janean,Weal,jweal6b@stanford.edu,Female,Muraloka
229,Luz,Dikels,ldikels6c@ucoz.com,Female,Heshang
230,Bobby,Brimmicombe,bbrimmicombe6d@cnbc.com,Male,Pensacola
231,Gregg,Priddy,gpriddy6e@pen.io,Male,Jingling
232,Maryrose,Bartens,mbartens6f@wikispaces.com,Male,Maikun
233,Jacklin,Pilling,jpilling6g@theguardian.com,Male,Göteborg
234,Cherise,Staten,cstaten6h@parallels.com,Female,Velventós
235,Rooney,Haucke,rhaucke6i@google.ca,Female,"Paris 16"
236,Terri,Parcell,tparcell6j@miibeian.gov.cn,Female,Klenovyy
237,Warden,MacKilroe,wmackilroe6k@soup.io,Female,Huasahuasi
238,Jose,Dreher,jdreher6l@nifty.com,Female,Loureiro
240,Niel,Brombell,nbrombell6n@tuttocitta.it,Female,Karangmulyo
241,Culver,Stallan,cstallan6o@cmu.edu,Male,Åhus
243,Stafford,Palfrey,spalfrey6q@is.gd,Male,Sarrat
244,Ogdan,Ferrierio,oferrierio6r@ow.ly,Male,Nacka
245,D'arcy,Lightwing,dlightwing6s@ning.com,Male,Petrodvorets
246,Nikolia,Tomkin,ntomkin6t@google.co.uk,Male,Chambas
247,Brandy,Jaggar,bjaggar6u@rediff.com,Female,Castelo
248,Nickie,Gwilt,ngwilt6v@cargocollective.com,Male,"Barão de Cocais"
249,Alma,Grellier,agrellier6w@ovh.net,Female,"Monte Branco"
250,Baillie,Poser,bposer6x@irs.gov,Male,Lyon
251,Nestor,Guittet,nguittet6y@squarespace.com,Female,Podol’sk
252,Hildagard,Sword,hsword6z@craigslist.org,Male,"São Bento do Sul"
253,Hortense,Ayris,hayris70@nhs.uk,Male,Sumurasin
254,Delphinia,Farryan,dfarryan71@simplemachines.org,Female,Panguipulli
255,Rakel,Olliff,rolliff72@java.com,Female,Kobylí
256,Luce,Margetson,lmargetson73@google.co.jp,Female,Songjiang
257,Melly,Illingsworth,millingsworth74@go.com,Male,Asamboka
258,Karney,Hawthorn,khawthorn75@java.com,Female,"Donji Dobrić"
259,Matthus,Ashurst,mashurst76@spiegel.de,Female,Hŭkkyo-ri
260,Nichol,Tideswell,ntideswell77@ycombinator.com,Male,Sośnie
261,Jaymie,Eriksson,jeriksson78@narod.ru,Female,"Paris 13"
262,Codie,Mapam,cmapam79@tinypic.com,Female,Dopang
263,Adora,Doogue,adoogue7a@about.com,Female,Kampungmasjid
264,Jessamine,Kull,jkull7b@webeden.co.uk,Female,Rakitovo
265,Georgette,O'Kinneally,gokinneally7c@360.cn,Male,Charenton-le-Pont
267,Mabelle,Weight,mweight7e@bravesites.com,Male,Skrzyszów
268,Kaylil,Eaglestone,keaglestone7f@oracle.com,Male,Huazangsi
270,Saudra,Sillwood,ssillwood7h@huffingtonpost.com,Female,Shuangjie
272,Don,Hamman,dhamman7j@creativecommons.org,Male,Ayagoz
273,Omar,Hellis,ohellis7k@hud.gov,Female,"Qiryat Yam"
275,Leticia,Carlesi,lcarlesi7m@latimes.com,Female,Aryiropoúlion
276,Josy,Karpmann,jkarpmann7n@narod.ru,Male,"Fakaifou Village"
277,Gannie,Andresser,gandresser7o@pcworld.com,Male,Bangad
278,Thaine,Mowsdell,tmowsdell7p@msn.com,Male,Voiron
279,Isahella,Farmer,ifarmer7q@alibaba.com,Female,Jilong
280,Arlee,Stannis,astannis7r@cam.ac.uk,Female,Manhiça
282,Georgena,Flattman,gflattman7t@census.gov,Male,Karanggeneng
284,Neile,Annesley,nannesley7v@tinypic.com,Male,Tak
286,Tobye,Lenihan,tlenihan7x@mapquest.com,Female,København
287,Rhiamon,Duly,rduly7y@yandex.ru,Female,Madingou
288,Roxana,Aire,raire7z@reuters.com,Female,Pergan
290,Bartram,Rawlison,brawlison81@tuttocitta.it,Male,"Kristiansand S"
292,Rica,Dignon,rdignon83@yellowbook.com,Female,"Bajram Curri"
293,Baily,Cranmor,bcranmor84@ebay.co.uk,Female,Quintong
294,Willie,Tredwell,wtredwell85@weebly.com,Male,Tatsunochō-tominaga
297,Doralin,Cornock,dcornock88@opensource.org,Female,"Khlong Hat"
298,Lynnelle,Dent,ldent89@time.com,Female,"Salt Lake City"
299,Bentley,Vasser,bvasser8a@wikimedia.org,Male,Shihuiqiao
300,Jefferey,Eakens,jeakens8b@amazonaws.com,Female,Grevená
301,Caspar,Lawling,clawling8c@cbc.ca,Male,"La Romana"
302,Jon,Smither,jsmither8d@cbc.ca,Male,"Krasnaya Polyana"
303,Alyosha,Hinz,ahinz8e@stumbleupon.com,Male,Noemuti
306,Nerita,Scarasbrick,nscarasbrick8h@ocn.ne.jp,Female,Blizne
307,Elden,Oiller,eoiller8i@hibu.com,Female,"San Pedro de Lloc"
308,Kermy,Keyzman,kkeyzman8j@ebay.co.uk,Male,Potęgowo
309,Gae,Adger,gadger8k@wisc.edu,Female,Christchurch
310,Eden,Ody,eody8l@nymag.com,Female,Síkinos
311,Ellwood,Paike,epaike8m@wufoo.com,Female,Adirejo
312,Dex,Soper,dsoper8n@purevolume.com,Male,Yuyue
313,Borden,Coast,bcoast8o@typepad.com,Male,"Frankfurt am Main"
314,Nanci,Wookey,nwookey8p@ifeng.com,Female,"Novyye Cherëmushki"
315,Harlene,Clavering,hclavering8q@nbcnews.com,Female,Burujul
316,Gypsy,Langrick,glangrick8r@admin.ch,Male,Lyon
317,Thaine,Elen,telen8s@unc.edu,Male,Hägersten
318,Bob,Yeldon,byeldon8t@timesonline.co.uk,Male,Baoshi
319,Vidovik,Misselbrook,vmisselbrook8u@dell.com,Male,"El Espino"
320,Ynes,Heddy,yheddy8v@wikipedia.org,Male,Enschede
321,Ingrim,Hand,ihand8w@php.net,Female,"Wola Uhruska"
322,Lonnard,Rajchert,lrajchert8x@usnews.com,Male,Andekantor
324,Jennee,Murgatroyd,jmurgatroyd8z@surveymonkey.com,Male,Sukogunungkrajan
325,Morganne,Edmondson,medmondson90@qq.com,Male,Budapest
326,Georgiana,Becarra,gbecarra91@imageshack.us,Male,Cibanten
327,Freedman,Bradfield,fbradfield92@npr.org,Female,Brusartsi
328,Tremaine,Tolson,ttolson93@surveymonkey.com,Male,Phuthaditjhaba
329,Monte,Dessant,mdessant94@archive.org,Male,Kadudampit
330,Tasha,Rivelon,trivelon95@un.org,Male,"Krajan Gajahmati"
331,Nanette,Matthesius,nmatthesius96@51.la,Male,Manghit
332,Reese,Jandourek,rjandourek97@ifeng.com,Female,Huizhou
333,Karyn,Glasscoe,kglasscoe98@nsw.gov.au,Female,Wuxing
334,Andres,Bayston,abayston99@mac.com,Female,Constanza
335,Jaquith,Rennox,jrennox9a@joomla.org,Female,Kashiwa
336,Diego,Vear,dvear9b@github.io,Female,Uddevalla
337,Fedora,Pitway,fpitway9c@google.ru,Female,Xiamujiao
338,Brenda,Dumpleton,bdumpleton9d@xinhuanet.com,Male,Woken
339,Ronna,Macia,rmacia9e@multiply.com,Male,Hongyi
340,Pattin,Grimster,pgrimster9f@bbc.co.uk,Female,Xiaojian
341,Vittoria,MacPharlain,vmacpharlain9g@furl.net,Male,Xian’an
342,Adlai,Longworth,alongworth9h@technorati.com,Female,"Briteiros Santa Leocádia"
343,Eddi,Gledhall,egledhall9i@paypal.com,Male,Yangjiaping
344,Martie,Janout,mjanout9j@wordpress.com,Female,Songmuping
345,Layney,Beebe,lbeebe9k@cyberchimps.com,Male,"Miguel Hidalgo"
346,Waylan,Constant,wconstant9l@dell.com,Male,Yagoua
347,Cacilia,Minghi,cminghi9m@paypal.com,Female,Fatukanutu
348,Ryon,Janes,rjanes9n@pbs.org,Male,Masaya
349,Moshe,Bielfelt,mbielfelt9o@prnewswire.com,Male,Mobaye
350,Aindrea,Leathers,aleathers9p@tmall.com,Male,Borovlyany
351,Leigh,Colquete,lcolquete9q@purevolume.com,Female,Shirbīn
352,Benji,Paolino,bpaolino9r@timesonline.co.uk,Female,Cidadap
353,Hillyer,Paulton,hpaulton9s@list-manage.com,Male,Libog
354,Shem,Stuckey,sstuckey9t@indiatimes.com,Female,"Río Ceballos"
355,Rosemary,Kelwaybamber,rkelwaybamber9u@hexun.com,Female,"Santa Eulália"
356,Hallsy,Chaikovski,hchaikovski9v@archive.org,Female,"Capitán Bermúdez"
357,Abba,Clemanceau,aclemanceau9w@blogtalkradio.com,Female,Kungsör
358,Moishe,Boylan,mboylan9x@ucsd.edu,Female,Vaxholm
359,Whitney,Evitt,wevitt9y@typepad.com,Female,Banzhong
360,Berri,Helis,bhelis9z@comsenz.com,Female,"Sioux Falls"
361,Daveta,Broady,dbroadya0@vimeo.com,Male,"San Marcos"
363,Tandie,Fullom,tfulloma2@cbsnews.com,Male,Kyzyl-Burun
364,Pierette,Mendel,pmendela3@blinklist.com,Male,"Sepolong Timur"
366,Borden,Richards,brichardsa5@google.fr,Male,"Desa Kertasari"
367,Alfons,Coetzee,acoetzeea6@homestead.com,Male,"Jembayan Hitam"
368,Katha,Lancetter,klancettera7@domainmarket.com,Female,Qikeshu
369,Marty,Hinchcliffe,mhinchcliffea8@elpais.com,Male,Pyatigorskiy
370,Ardene,California,acaliforniaa9@examiner.com,Male,Kōnosu
371,Samson,Petel,spetelaa@dedecms.com,Female,Umeå
372,Arlette,Shortall,ashortallab@devhub.com,Female,Liyang
374,Penn,Newsham,pnewshamad@bluehost.com,Male,Bulbul
375,Michael,Meeny,mmeenyae@gravatar.com,Male,Chenji
376,Dara,Ranger,drangeraf@dropbox.com,Male,"Mina Clavero"
377,Chas,Yakobovicz,cyakoboviczag@geocities.jp,Female,Poli
378,Mirna,Eldon,meldonah@skyrock.com,Female,Gaoleshan
379,Dallon,Rishworth,drishworthai@quantcast.com,Female,"San Isidro de Lules"
380,Quintina,Blackborow,qblackborowaj@yellowpages.com,Female,Pangawaren
381,Imojean,Shipcott,ishipcottak@paypal.com,Male,Zhuji
382,Waring,Gooble,wgoobleal@abc.net.au,Male,Armenia
383,Cammi,Ambroziak,cambroziakam@nationalgeographic.com,Female,Gangbei
384,Amata,Sodory,asodoryan@rediff.com,Male,Curug
385,Lawrence,Gillhespy,lgillhespyao@edublogs.org,Female,Adamantina
386,Cynde,Beldum,cbeldumap@vimeo.com,Female,Gândara
387,Minta,Halpen,mhalpenaq@chron.com,Female,"Hatu Buh"
388,Kalli,Phlippi,kphlippiar@craigslist.org,Male,"Khirbat Tīn Nūr"
389,Ediva,"Di Biagi",edibiagias@miitbeian.gov.cn,Female,Ziliang
390,Kathi,Bernhard,kbernhardat@hubpages.com,Male,Maji
391,Jake,Oakhill,joakhillau@ebay.co.uk,Male,Migrate
392,Angelica,Gallier,agallierav@naver.com,Male,Jahrom
393,Regina,Hachard,rhachardaw@ameblo.jp,Male,Tateyama
394,Junette,Licciardello,jlicciardelloax@pbs.org,Female,Babica
395,Shirline,McGerr,smcgerray@google.co.uk,Male,"A’yi Take"
396,Ellery,Clemes,eclemesaz@gov.uk,Female,Oslo
397,Ralina,Larvent,rlarventb0@netvibes.com,Female,Gaomi
398,Carver,Fradgley,cfradgleyb1@lulu.com,Male,"Glugur Tengah"
399,Millie,Faulkener,mfaulkenerb2@spotify.com,Female,Uinskoye
400,Herbie,Sillars,hsillarsb3@google.co.uk,Female,Taluksangay
402,Tracie,Musk,tmuskb5@fastcompany.com,Female,Basyūn
403,Rudy,Allsobrook,rallsobrookb6@t-online.de,Male,Gutian
404,Dianemarie,Cheney,dcheneyb7@sogou.com,Female,Cornwall
405,Winfield,Kitchinham,wkitchinhamb8@answers.com,Male,Kieta
406,Lin,MacLaverty,lmaclavertyb9@businessweek.com,Female,"Kansas City"
407,Carlyle,Grieg,cgriegba@a8.net,Female,Janja
408,Juline,Chastel,jchastelbb@reverbnation.com,Female,Miami
409,Opaline,Kerswell,okerswellbc@amazon.co.uk,Male,Sukaraharja
412,Leanora,Thiem,lthiembf@narod.ru,Male,"Santa Cruz do Bispo"
414,Grayce,Rosenstengel,grosenstengelbh@is.gd,Female,Saint-Tite
415,Julius,Lambert-Ciorwyn,jlambertciorwynbi@nymag.com,Female,Promyshlennovskiy
417,Marney,Smaleman,msmalemanbk@reference.com,Female,Lanot
418,Heall,Wilcher,hwilcherbl@multiply.com,Female,"Áno Kómi"
419,Imelda,Kwietek,ikwietekbm@nba.com,Male,Köln
420,Guss,Placstone,gplacstonebn@infoseek.co.jp,Male,Eksjö
421,Ginelle,Archley,garchleybo@tumblr.com,Female,Bafang
422,Alfredo,Degan,adeganbp@ebay.com,Female,Palebunan
423,Rachelle,Beretta,rberettabq@toplist.cz,Male,"São Tomé"
425,Davine,Risborough,drisboroughbs@ifeng.com,Male,Šventoji
426,Franklyn,Gerren,fgerrenbt@china.com.cn,Male,Kuangyuan
427,Mignon,Dowding,mdowdingbu@hatena.ne.jp,Female,Centenary
428,Fidel,Bienvenu,fbienvenubv@craigslist.org,Male,Charenton-le-Pont
429,Gennifer,Rawsthorne,grawsthornebw@census.gov,Male,Ruo
430,Brit,Matusiak,bmatusiakbx@fotki.com,Male,Catache
431,Poul,Shubotham,pshubothamby@indiatimes.com,Male,Ekazhevo
432,Cart,Kindley,ckindleybz@nsw.gov.au,Male,Usagara
433,Harriet,Cawse,hcawsec0@arizona.edu,Male,Yunlong
434,Almira,Duffie,aduffiec1@craigslist.org,Female,Berthierville
435,Constantine,Moiser,cmoiserc2@webmd.com,Male,Mezinovskiy
436,Norris,Glowacki,nglowackic3@printfriendly.com,Female,Tymbark
437,Aloisia,Otson,aotsonc4@domainmarket.com,Male,Vabalninkas
438,Hi,Gallager,hgallagerc5@wp.com,Male,Wobulenzi
439,Lucretia,Nicely,lnicelyc6@meetup.com,Male,Jilong
440,Loise,Hancke,lhanckec7@yolasite.com,Female,Malindi
442,Teodoro,Kitter,tkitterc9@instagram.com,Female,Nanhe
443,Washington,Beach,wbeachca@ifeng.com,Female,"Labuhan Deli"
444,Dyanne,Murkus,dmurkuscb@samsung.com,Male,Nagrak
445,Noemi,Shinner,nshinnercc@joomla.org,Male,Jinqiao
446,Claudelle,Giovannini,cgiovanninicd@cmu.edu,Female,Skellefteå
447,Tibold,Legh,tleghce@qq.com,Female,Tianjin
448,Morganne,Reucastle,mreucastlecf@nyu.edu,Female,"Al Marsá"
449,Ollie,Abells,oabellscg@nhs.uk,Male,Pokhvistnevo
450,Brendin,Gillopp,bgilloppch@miibeian.gov.cn,Female,"La Ravoire"
451,Candice,Speedy,cspeedyci@google.pl,Male,Tsovazard
452,Marietta,Emons,memonscj@marketwatch.com,Female,Mazyr
453,Fred,Morten,fmortenck@fema.gov,Male,Jinzao
454,Kliment,Teasdale-Markie,kteasdalemarkiecl@google.es,Male,Sīrīs
456,Angeli,Skayman,askaymancn@google.ca,Female,Turpo
457,Christina,Hatley,chatleyco@un.org,Male,Mangulile
458,Isa,Veschambre,iveschambrecp@nifty.com,Male,Kalmar
459,Kylie,Guerry,kguerrycq@phpbb.com,Male,Xiangyangpu
460,Christel,Ungerecht,cungerechtcr@barnesandnoble.com,Male,Trollhättan
461,Domenic,Cromblehome,dcromblehomecs@sogou.com,Female,"Trhové Sviny"
462,Carine,Mifflin,cmifflinct@spotify.com,Male,Hutag
463,Alissa,Stannislawski,astannislawskicu@elegantthemes.com,Female,Ribeirão
464,Marika,Jarmaine,mjarmainecv@mlb.com,Female,Sigaboy
465,Bud,Grissett,bgrissettcw@jiathis.com,Female,Taraco
467,Clarabelle,Hub,chubcy@wsj.com,Male,Mhango
468,Theo,Stockney,tstockneycz@elegantthemes.com,Male,"Las Lajas"
469,Grace,Messer,gmesserd0@i2i.jp,Female,Kertorejo
471,Pearle,Fritche,pfritched2@ycombinator.com,Male,Naviraí
472,Becca,Colvill,bcolvilld3@dell.com,Female,Siao
473,Ainslie,Rutherford,arutherfordd4@home.pl,Female,Leninogorsk
474,Lezlie,Sartin,lsartind5@prlog.org,Male,Serrinha
475,Sammy,Nardoni,snardonid6@wsj.com,Male,Krasnorechenskiy
476,Rebekkah,April,raprild7@last.fm,Male,Carolina
477,Roanne,Hankins,rhankinsd8@hatena.ne.jp,Female,"Ouro Branco"
478,Austina,Loxdale,aloxdaled9@washington.edu,Female,Krasnogvardeyets
479,Sybil,Waltho,swalthoda@hhs.gov,Male,Huya
480,Sylvester,Preece,spreecedb@booking.com,Female,Tangban
481,Wayland,Gyse,wgysedc@sogou.com,Male,Nicosia
482,Ruth,Loudon,rloudondd@alibaba.com,Female,Corzuela
483,Johan,Ballin,jballinde@blogger.com,Male,Domoni
484,Northrup,Rozier,nrozierdf@unc.edu,Female,Mokil
485,Rutherford,Sumers,rsumersdg@nature.com,Female,"El Agua Dulcita"
486,Ray,Durden,rdurdendh@alexa.com,Male,Xinshancun
487,Brittni,Howorth,bhoworthdi@harvard.edu,Male,Takub
488,Mara,Fratson,mfratsondj@phpbb.com,Female,Guangming
489,Lonnie,Woodfin,lwoodfindk@wired.com,Female,Thatta
490,Brewer,Hartington,bhartingtondl@vimeo.com,Female,Karano
491,Parke,"De Cristoforo",pdecristoforodm@webeden.co.uk,Female,Gowa
492,Salomon,Basini-Gazzi,sbasinigazzidn@etsy.com,Female,Zhukovskiy
493,Tawsha,Dalziel,tdalzieldo@tiny.cc,Male,"Santa Maria"
494,Monte,Ravenhills,mravenhillsdp@nasa.gov,Male,Verkhnyachka
496,Obidiah,McCallion,omccalliondr@webnode.com,Female,Volzhskiy
497,Halli,Rentoll,hrentollds@webmd.com,Female,Skibbereen
499,Cathlene,Blench,cblenchdu@google.ru,Male,Phoenix
500,Chick,Pringer,cpringerdv@umich.edu,Male,Szczecin
501,Jeri,Suthren,jsuthrendw@admin.ch,Male,Shakhun’ya
502,Lydon,Rainon,lrainondx@ucoz.ru,Male,Pingdu
503,Care,Palay,cpalaydy@ask.com,Male,Vitali
504,Allis,Local,alocaldz@t-online.de,Female,Chattanooga
505,Sterne,Micka,smickae0@uol.com.br,Male,"Prince Albert"
506,Marylinda,Coultar,mcoultare1@marketwatch.com,Male,Alenquer
507,Dotti,Threadgall,dthreadgalle2@earthlink.net,Male,Fuxing
510,Lars,Vigne,lvignee5@unblog.fr,Male,Yuxi
511,Enrique,MacChaell,emacchaelle6@facebook.com,Male,Zhangcunping
512,Wilburt,Coskerry,wcoskerrye7@ibm.com,Female,Vatutine
513,Onofredo,Jessep,ojessepe8@omniture.com,Male,Xiangfu
514,Brett,Silbermann,bsilbermanne9@technorati.com,Female,Lijiang
516,Rodge,O'Conor,roconoreb@newsvine.com,Female,Yessentuki
517,Irma,Twiggins,itwigginsec@wikispaces.com,Male,Sapeken
518,Corrinne,Giacomasso,cgiacomassoed@ebay.com,Male,Aykhal
519,Dita,Beddin,dbeddinee@eventbrite.com,Male,Lohong
520,Rupert,Fuzzens,rfuzzensef@1und1.de,Female,Viraco
521,Nadia,Gilphillan,ngilphillaneg@dyndns.org,Female,Saldanha
522,Andriana,Aronowitz,aaronowitzeh@google.co.uk,Male,Jinanten
523,Clarissa,Waddicor,cwaddicorei@go.com,Female,Nanxinxiang
524,Mahala,Somersett,msomersettej@imageshack.us,Female,"La Asunción"
525,Leann,Jordin,ljordinek@wikipedia.org,Female,Saint-Quentin-en-Yvelines
526,Gustaf,Kesten,gkestenel@goo.gl,Male,Lukulu
527,Carolin,Petche,cpetcheem@netlog.com,Male,Steinkjer
528,Adaline,Priddis,apriddisen@opera.com,Male,Chinandega
529,Lida,Gater,lgatereo@1und1.de,Male,"Aparecida do Taboado"
530,Sunny,Isacoff,sisacoffep@usnews.com,Male,Niushou
531,Cornelle,Lecordier,clecordiereq@taobao.com,Female,Huangmei
532,Montague,Nockles,mnockleser@howstuffworks.com,Male,Sainte-Adèle
534,Neile,Lindup,nlindupet@merriam-webster.com,Female,Murów
535,Valeria,Hustings,vhustingseu@prnewswire.com,Male,Barlinek
536,Danella,Halkyard,dhalkyardev@linkedin.com,Male,Trosa
537,Mil,Monkleigh,mmonkleighew@a8.net,Female,Śniadowo
538,Lauren,Epp,leppex@artisteer.com,Female,"At Samat"
539,Harli,Radnedge,hradnedgeey@de.vu,Female,Zárate
541,Francis,Gook,fgookf0@disqus.com,Male,Ovidiopol’
542,Levin,aManger,lamangerf1@nbcnews.com,Female,Manūjān
543,Krysta,Andreoletti,kandreolettif2@japanpost.jp,Female,Göteborg
544,Karoline,Pawelczyk,kpawelczykf3@shop-pro.jp,Male,"Sơn Trà"
545,Amberly,Elizabeth,aelizabethf4@artisteer.com,Female,Liangwangzhuang
546,Osborne,Shurey,oshureyf5@topsy.com,Male,Bafang
547,Pinchas,Angus,pangusf6@state.tx.us,Male,Altuf’yevskiy
549,Hyacinthe,Denning,hdenningf8@blogger.com,Male,"Sępólno Krajeńskie"
550,Gwenore,Viney,gvineyf9@bluehost.com,Male,Rahayu
551,Augustina,Ruggen,aruggenfa@google.ca,Female,Wenshui
552,Vail,Demelt,vdemeltfb@house.gov,Male,Lille
553,Lemuel,Wetherby,lwetherbyfc@163.com,Male,Greenville
554,Emmaline,Abade,eabadefd@shareasale.com,Male,Mojo
555,Sofia,"Al Hirsi",salhirsife@networksolutions.com,Male,Dongyuan
556,Georgeta,Yakobowitz,gyakobowitzff@ft.com,Female,Libouchec
557,Elva,Charlet,echarletfg@t.co,Female,"San Juan de Dios"
558,Katrinka,Risborough,krisboroughfh@chron.com,Male,Sarakhs
559,Dolli,Gascoyen,dgascoyenfi@a8.net,Female,Girang
560,Rana,Isaksson,risakssonfj@ifeng.com,Female,Palermo
561,Neal,Caurah,ncaurahfk@slideshare.net,Male,Rowokangkung
562,Filia,Bonifas,fbonifasfl@un.org,Female,Sussex
563,Ursala,Samms,usammsfm@fc2.com,Female,Sidamukti
564,Linoel,Merrell,lmerrellfn@theguardian.com,Female,Zhyrovichy
565,Burr,Fogden,bfogdenfo@cnet.com,Female,Magallanes
566,Jeremias,Crompton,jcromptonfp@trellian.com,Female,Kuangsan
567,Ariella,Hobson,ahobsonfq@nature.com,Female,Biguaçu
568,Manya,Beades,mbeadesfr@storify.com,Female,Siqiao
569,Erica,"De la Zenne",edelazennefs@163.com,Male,Krasnoznamensk
570,Joaquin,Dinsey,jdinseyft@smugmug.com,Male,"Porto Ferreira"
571,Fleming,Erbain,ferbainfu@mac.com,Female,Bentengjawa
572,Halette,Glendzer,hglendzerfv@archive.org,Female,Burauen
573,Elsworth,Roof,erooffw@deliciousdays.com,Female,Madrid
574,Welch,Mertin,wmertinfx@shop-pro.jp,Male,Annopol
575,Freida,Siret,fsiretfy@ezinearticles.com,Male,Temizhbekskaya
576,Laurice,Lindner,llindnerfz@wufoo.com,Female,Chechenglu
577,Olivero,McCarter,omccarterg0@arstechnica.com,Female,Pignon
578,Hilly,Owbridge,howbridgeg1@wix.com,Female,"San Fernando Apure"
579,Iver,Wogden,iwogdeng2@bandcamp.com,Male,Kannus
580,Gunner,Boskell,gboskellg3@google.com.hk,Male,Sędziejowice
581,Peirce,Ascraft,pascraftg4@unicef.org,Male,Ambatondrazaka
582,Del,Wathell,dwathellg5@mac.com,Male,Luzino
584,Fawnia,Fredson,ffredsong7@istockphoto.com,Female,Colón
585,Bobbee,Milby,bmilbyg8@google.es,Male,"San Antonio"
586,Fidel,MacAne,fmacaneg9@de.vu,Male,Randegan
587,Craggie,Firpi,cfirpiga@cbslocal.com,Female,Shijie
588,Lonni,Linster,llinstergb@wsj.com,Female,"Stare Miasto"
589,Giusto,Haylett,ghaylettgc@lycos.com,Male,Tvarožná
590,Tyson,Mattocks,tmattocksgd@odnoklassniki.ru,Male,Gegernoong
591,Danielle,Pinckard,dpinckardge@vk.com,Male,"Hengdong Chengguanzhen"
592,Tannie,Swiffan,tswiffangf@adobe.com,Male,Liuzhi
593,Jeromy,Giraudoux,jgiraudouxgg@homestead.com,Female,Soljani
594,Dayle,Edyson,dedysongh@whitehouse.gov,Female,Arneiro
595,Anne-corinne,Laffin,alaffingi@bbc.co.uk,Female,"Deh-e Now"
596,Rosabel,Larmor,rlarmorgj@stanford.edu,Female,Kembang
597,Auroora,Pero,aperogk@shop-pro.jp,Female,Itapagé
598,Malina,Fetherby,mfetherbygl@usgs.gov,Male,Batulayang
599,Aubert,Ringwood,aringwoodgm@gov.uk,Female,"Frankfurt am Main"
600,Vail,Tremeer,vtremeergn@oracle.com,Female,Templeogue
601,Ryan,Almeida,ralmeidago@meetup.com,Female,Yong’an
602,Enos,Dewey,edeweygp@stumbleupon.com,Male,Hāfizābād
603,Elmo,Coggen,ecoggengq@gravatar.com,Female,Linoan
604,Tony,Ellaman,tellamangr@ehow.com,Female,Sutton
605,Hazel,Gillie,hgilliegs@ezinearticles.com,Male,Jishi
606,Harmonia,Anstee,hansteegt@bing.com,Female,Candelaria
607,Nikolas,Drinkhall,ndrinkhallgu@mozilla.com,Female,Bunog
608,Florrie,Martinyuk,fmartinyukgv@networksolutions.com,Male,Vithkuq
609,Joshua,Motton,jmottongw@army.mil,Male,"Banjar Pedawa"
610,Roselia,McCosker,rmccoskergx@businesswire.com,Male,Biao
611,Tamar,Gailor,tgailorgy@sciencedirect.com,Female,Ngembul
612,Cooper,Welbeck,cwelbeckgz@networksolutions.com,Female,Sundsvall
613,Kaela,Ivers,kiversh0@mapquest.com,Male,Huimin
616,Shana,McMeanma,smcmeanmah3@thetimes.co.uk,Female,Montesson
617,Adlai,Golby,agolbyh4@lulu.com,Male,Liancheng
618,Erny,McNiff,emcniffh5@myspace.com,Female,"Sintung Timur"
619,Rodrique,Seldon,rseldonh6@bloglovin.com,Female,"Al Burayqah"
620,Joannes,Skade,jskadeh7@stumbleupon.com,Male,Sendafa
621,Cati,Heinecke,cheineckeh8@cargocollective.com,Female,Karangintan
622,Hannis,O'Fogarty,hofogartyh9@phpbb.com,Male,Xingren
623,Verne,Davidi,vdavidiha@geocities.jp,Male,Kolo
624,Faythe,Shreenan,fshreenanhb@sbwire.com,Male,Pontevedra
625,Yank,Dankersley,ydankersleyhc@vk.com,Male,Dukuh
626,Cacilie,Hessenthaler,chessenthalerhd@studiopress.com,Male,Huaibei
627,Ewen,Tringham,etringhamhe@uol.com.br,Female,Tari
628,Norbie,Schrader,nschraderhf@nyu.edu,Male,Yushugou
630,Olia,Nowland,onowlandhh@sogou.com,Male,Nazca
631,Yoshiko,Burton,yburtonhi@usda.gov,Female,Payapa
632,Joann,Boutton,jbouttonhj@wunderground.com,Female,Kengkou
633,Harli,Kurdani,hkurdanihk@sciencedirect.com,Male,Watunggong
634,Zara,Eric,zerichl@altervista.org,Male,Dagou
635,Langston,Velareal,lvelarealhm@yahoo.com,Male,Alangalang
636,Hortensia,Townsend,htownsendhn@hud.gov,Male,Washington
637,Marcella,Sprigging,mspriggingho@scientificamerican.com,Male,"Ponyri Vtoryye"
638,Suzette,Koppelmann,skoppelmannhp@w3.org,Female,Yŏng-dong
639,Laure,Gibbeson,lgibbesonhq@cbsnews.com,Male,Courtaboeuf
640,Abelard,Dict,adicthr@deliciousdays.com,Female,Mompós
641,Radcliffe,Benjefield,rbenjefieldhs@soundcloud.com,Female,Beijós
642,Rouvin,Plaid,rplaidht@dailymotion.com,Male,"Bayart Huxu"
643,Hubert,Esseby,hessebyhu@nydailynews.com,Male,Karangpocok
644,Saxe,Flahive,sflahivehv@last.fm,Female,"Ponyri Vtoryye"
645,Corena,Gaisford,cgaisfordhw@tmall.com,Male,Utan
646,Karlik,Heaslip,kheasliphx@mashable.com,Male,Uzlovaya
647,Margarita,Mockett,mmocketthy@businesswire.com,Female,Žeravice
648,Mickey,Crocombe,mcrocombehz@miibeian.gov.cn,Female,Sokobanteng
649,Quinlan,Pauley,qpauleyi0@businessweek.com,Female,"Kapiri Mposhi"
650,Krissie,Tuer,ktueri1@storify.com,Female,Mojoroto
651,Erek,Writer,ewriteri2@google.fr,Female,Songgai
652,Faustina,Capron,fcaproni3@alexa.com,Female,Providence
653,Danyette,Karpov,dkarpovi4@omniture.com,Female,Arras
654,Claudelle,Bruggeman,cbruggemani5@usgs.gov,Female,Jianggu
655,Hasheem,Braithwait,hbraithwaiti6@ask.com,Male,Litvínovice
656,Stafani,Tyas,styasi7@cargocollective.com,Female,"La Roche-sur-Yon"
657,Hartwell,Bratley,hbratleyi8@nba.com,Female,Buy
658,Lynn,Longmaid,llongmaidi9@prlog.org,Female,Zhanghekou
661,Cosetta,Imesson,cimessonic@google.ca,Female,Brailiv
663,Allard,Comino,acominoie@unblog.fr,Male,Cullhuas
664,Olivia,Moogan,omooganif@loc.gov,Male,"Seixas do Douro"
665,Mandel,Conkie,mconkieig@merriam-webster.com,Male,Bárrio
666,Elyse,Impett,eimpettih@chicagotribune.com,Female,Barbacoas
667,Tripp,Castanone,tcastanoneii@quantcast.com,Female,Gōtsuchō
668,Archaimbaud,Daykin,adaykinij@google.it,Female,"São José de Mipibu"
669,Pennie,Dugdale,pdugdaleik@spiegel.de,Male,Guaduas
670,Filmer,Aubert,faubertil@eventbrite.com,Female,Kampungsusah
672,Ezmeralda,Campe,ecampein@sciencedaily.com,Female,Niutian
673,Kelsy,Alexandrescu,kalexandrescuio@indiatimes.com,Female,Puro
674,Candide,Akroyd,cakroydip@adobe.com,Male,Igarapé
676,Nikita,Tift,ntiftir@dion.ne.jp,Female,Jingkou
678,Wilhelmine,Husset,whussetit@redcross.org,Female,Aurillac
679,Lothario,Alessandrini,lalessandriniiu@wikia.com,Male,Omaha
680,Harriett,Rohmer,hrohmeriv@myspace.com,Male,Valtimo
681,Noami,Trelease,ntreleaseiw@wired.com,Male,Pali
682,Melody,Urwen,murwenix@paginegialle.it,Male,Rueil-Malmaison
683,Deeyn,Philipsen,dphilipseniy@state.tx.us,Female,Saint-Lô
684,Howard,Walesa,hwalesaiz@yolasite.com,Male,"Đắk Mil"
685,Isidoro,Sarah,isarahj0@unicef.org,Male,Jeremi
686,Arlyn,Witherspoon,awitherspoonj1@soundcloud.com,Male,"Vila Velha"
687,Daryle,Iggulden,digguldenj2@state.gov,Male,Bambas
688,Shane,Crumby,scrumbyj3@webmd.com,Male,Gongpo
689,Christoph,Jurczyk,cjurczykj4@vimeo.com,Female,"As Salţ"
690,Jarrett,Zienkiewicz,jzienkiewiczj5@goo.ne.jp,Female,Ndendé
693,Raul,Wilderspoon,rwilderspoonj8@com.com,Female,Beicheng
694,Myrtle,Lamping,mlampingj9@salon.com,Female,Kozhva
695,Birk,Light,blightja@wikimedia.org,Male,Krzeszów
696,Haroun,Metham,hmethamjb@scribd.com,Male,Citeluk
697,Anselma,Rawlings,arawlingsjc@army.mil,Female,Taiyu
698,Bobbye,Lippo,blippojd@hexun.com,Female,Lanchkhuti
699,Johnny,Hassell,jhassellje@wiley.com,Male,Provo
700,Carmelle,Rayson,craysonjf@prlog.org,Female,Maumbawa
701,Jorry,Purle,jpurlejg@twitpic.com,Female,Hucheng
702,Christi,Quest,cquestjh@webeden.co.uk,Male,Santaluz
703,Alf,Charer,acharerji@cargocollective.com,Male,Vestmannaeyjar
704,Sullivan,Letson,sletsonjj@stanford.edu,Male,"Ban Dan"
705,Layla,McKeller,lmckellerjk@discuz.net,Female,Kawit
706,Inger,Edie,iediejl@digg.com,Male,Ganja
707,Keene,Odney,kodneyjm@msn.com,Male,Fuzhai
710,Alana,Martugin,amartuginjp@yahoo.co.jp,Male,Huancarqui
711,Ivar,Walwood,iwalwoodjq@ucla.edu,Male,Maykopskoye
712,Jefferson,Cheavin,jcheavinjr@gizmodo.com,Female,Bergen
713,Greer,GiacobbiniJacob,ggiacobbinijacobjs@tripod.com,Female,Ak’ordat
715,Allianora,Tomasi,atomasiju@dmoz.org,Female,Macamic
717,Cece,MacCaffrey,cmaccaffreyjw@51.la,Male,Mburukullu
718,Denney,Ulyet,dulyetjx@examiner.com,Male,Lafayette
719,Cassondra,Cicero,ccicerojy@nydailynews.com,Female,Licupis
720,Daloris,Dri,ddrijz@alibaba.com,Female,Makapanstad
721,Silvester,Knevet,sknevetk0@xrea.com,Male,Rybarzowice
722,Annmarie,Younger,ayoungerk1@yandex.ru,Female,Kumo
723,Vincents,"Van Ross",vvanrossk2@usda.gov,Female,Tsiombe
724,Sonia,McNamara,smcnamarak3@icq.com,Female,Sviblovo
725,Ilysa,MacAnespie,imacanespiek4@fda.gov,Female,Moroni
726,Zorah,Foulstone,zfoulstonek5@comsenz.com,Female,Olkusz
727,Andros,McCaskill,amccaskillk6@reverbnation.com,Male,Martingança
728,Dot,Thomtson,dthomtsonk7@globo.com,Female,Kudang
729,Jordana,Dennington,jdenningtonk8@ed.gov,Female,Vihāri
730,Agneta,Bunny,abunnyk9@nifty.com,Female,Peuhaq
733,Issie,Eagell,ieagellkc@nydailynews.com,Female,Independencia
734,Eugenio,Ivakhnov,eivakhnovkd@state.tx.us,Male,"Ayia Napa"
735,Floria,Cookman,fcookmanke@posterous.com,Male,Indaiatuba
736,Xena,Poker,xpokerkf@about.com,Male,"Bella Unión"
737,Gavrielle,Dieton,gdietonkg@narod.ru,Female,Vazante
738,Rudd,Jedrychowski,rjedrychowskikh@columbia.edu,Male,Daleszyce
739,Grover,Mendes,gmendeski@github.io,Female,Pasadena
740,Barb,Redsull,bredsullkj@ebay.com,Male,Xinhua
741,Alma,Kensit,akensitkk@pcworld.com,Male,"Santa Teresa"
742,Gabbie,Caird,gcairdkl@ebay.com,Male,Glad
743,Carolyn,French,cfrenchkm@washingtonpost.com,Male,Turka
744,Elfreda,Guerra,eguerrakn@w3.org,Female,Stockholm
745,Milt,Pitkeathly,mpitkeathlyko@rakuten.co.jp,Male,Wonda
746,Munroe,Caldairou,mcaldairoukp@nydailynews.com,Female,Hövsan
747,Haskel,Goggen,hgoggenkq@huffingtonpost.com,Male,Beoga
749,Nataniel,Lincoln,nlincolnks@alexa.com,Male,"Puente Nacional"
750,Liesa,Greneham,lgrenehamkt@photobucket.com,Male,"Tomaszów Mazowiecki"
751,Ebonee,Burgh,eburghku@jiathis.com,Male,"Iriga City"
752,Ameline,Jobe,ajobekv@addtoany.com,Male,Yasnogorsk
753,Vanni,Assinder,vassinderkw@statcounter.com,Female,"Krông Kmar"
754,Sharla,Aloshechkin,saloshechkinkx@chronoengine.com,Female,Tiyuguan
755,Normy,Olliff,nolliffky@networkadvertising.org,Female,Crateús
756,Ev,Dabs,edabskz@springer.com,Male,Da’anshan
757,Arthur,McKniely,amcknielyl0@ow.ly,Female,Haukipudas
758,Corliss,Budgen,cbudgenl1@utexas.edu,Female,Sūrāb
759,Linell,Duxfield,lduxfieldl2@geocities.com,Male,Mertzig
761,Keefe,Dorward,kdorwardl4@topsy.com,Male,"Santa Lucia"
762,Cybil,Kobierzycki,ckobierzyckil5@cam.ac.uk,Male,Madalum
763,Zacharias,Jurgenson,zjurgensonl6@sun.com,Female,Leskovac
765,Franciska,Newburn,fnewburnl8@mit.edu,Male,"Campo Largo"
766,Nady,Sherville,nshervillel9@chicagotribune.com,Male,Kemil
767,Loydie,Sonschein,lsonscheinla@cisco.com,Male,Mingyu
768,Maryanne,Woolf,mwoolflb@netscape.com,Female,"Slovenska Bistrica"
769,Teddie,Denys,tdenyslc@163.com,Male,Keleng
770,Powell,Vellacott,pvellacottld@webnode.com,Male,"El Paso"
771,Trix,Holsall,tholsallle@miitbeian.gov.cn,Female,"El Chol"
772,Gianni,Scrammage,gscrammagelf@huffingtonpost.com,Female,Solna
774,Junina,Foden,jfodenlh@flickr.com,Male,Huamali
775,Lissa,Pryde,lprydeli@google.ru,Male,"Uttar Char Fasson"
776,Dene,Ellicock,dellicocklj@topsy.com,Female,"Thanh Nê"
777,Tony,Waring,twaringlk@godaddy.com,Male,Bojnik
778,Cyrill,Plaschke,cplaschkell@sitemeter.com,Male,Neuilly-sur-Marne
779,Lorrie,Crallan,lcrallanlm@google.es,Female,Köln
780,Rebbecca,Dunkley,rdunkleyln@printfriendly.com,Female,Oematnunu
781,Halsy,Fortnam,hfortnamlo@paypal.com,Female,Obesi
782,Denys,Fuge,dfugelp@pagesperso-orange.fr,Female,Bojongbenteng
783,Jacky,Crown,jcrownlq@businesswire.com,Male,Houjiachuan
784,Wylma,Nuemann,wnuemannlr@state.gov,Female,Pescara
785,Tamarra,Durrant,tdurrantls@howstuffworks.com,Female,Murindó
786,Allie,McRamsey,amcramseylt@free.fr,Female,Nantes
787,Angie,Dunridge,adunridgelu@posterous.com,Female,Shypyntsi
788,Liam,Clandillon,lclandillonlv@cdbaby.com,Male,Manning
789,Lynnell,Carpenter,lcarpenterlw@fema.gov,Male,Shimen
791,Pancho,Heliot,pheliotly@flavors.me,Male,Bektemir
792,Chancey,Craine,ccrainelz@comsenz.com,Female,Walakeri
793,Hallie,Clynmans,hclynmansm0@diigo.com,Male,Lazarevskoye
794,Sybila,Gerleit,sgerleitm1@nationalgeographic.com,Female,Gordeyevka
795,Trey,Marcussen,tmarcussenm2@nytimes.com,Female,Zagreb
797,Robby,Stoodale,rstoodalem4@elegantthemes.com,Male,Tourcoing
798,Clemence,Hugonneau,chugonneaum5@economist.com,Male,Houzhai
800,Vin,Batchellor,vbatchellorm7@ox.ac.uk,Female,Xiaxi
802,Harriet,Starsmore,hstarsmorem9@symantec.com,Male,Sosnovoborsk
803,Eachelle,Dalgleish,edalgleishma@salon.com,Female,Cimuncang
804,Darice,Kynder,dkyndermb@biblegateway.com,Female,Kutorejo
805,Sofie,Fishburn,sfishburnmc@reddit.com,Male,Zavolzh’ye
806,Hillel,Rogerot,hrogerotmd@elegantthemes.com,Male,Zumarraga
807,Bartholomeus,Luetchford,bluetchfordme@usa.gov,Female,Xidianzi
808,Cookie,Bootes,cbootesmf@reference.com,Female,Göteborg
809,Merrel,Inchbald,minchbaldmg@behance.net,Male,Miskolc
810,Arlyn,Scatchard,ascatchardmh@twitter.com,Female,Dogondoutchi
811,Izzy,Marle,imarlemi@irs.gov,Male,Moglicë
812,Anastasie,Veschambre,aveschambremj@slate.com,Male,Changting
813,Bertie,Klauer,bklauermk@woothemes.com,Male,Strzelce
814,Caryn,Joney,cjoneyml@weibo.com,Male,Jojoima
815,Antons,Moat,amoatmm@admin.ch,Female,"Nová Cerekev"
816,Mahalia,Foldes,mfoldesmn@weibo.com,Male,Kuryłówka
817,Gretchen,Antonich,gantonichmo@amazonaws.com,Male,Medvezh’yegorsk
818,Christos,Kryzhov,ckryzhovmp@wufoo.com,Female,Tangxian
820,Nonie,Brundrett,nbrundrettmr@flickr.com,Male,"São José do Rio Preto"
821,Halie,Longford,hlongfordms@harvard.edu,Male,"Bang Lamung"
822,Elana,Gimber,egimbermt@hibu.com,Female,Šabac
823,Milly,Halversen,mhalversenmu@oaic.gov.au,Male,"San Pedro"
824,Jess,Farndale,jfarndalemv@wikia.com,Male,Wartburg
825,Benni,Lampard,blampardmw@ask.com,Male,Changtan
826,Isa,Metzke,imetzkemx@amazonaws.com,Female,Mehona
827,Cody,Crowch,ccrowchmy@ed.gov,Female,Bondy
828,Robbyn,Spinella,rspinellamz@networksolutions.com,Female,Luleå
829,Granny,Branigan,gbranigann0@marketwatch.com,Male,Ōmura
830,Darrick,Freshwater,dfreshwatern1@woothemes.com,Female,Shurugwi
831,Guendolen,Sherrell,gsherrelln2@devhub.com,Female,Baume-les-Dames
832,Rodge,Dunbar,rdunbarn3@yolasite.com,Male,"Villa Santa Rita"
833,Carson,Fone,cfonen4@studiopress.com,Female,Huangmu
834,Jocelyn,Ruberry,jruberryn5@usatoday.com,Female,Pajala
835,Binky,Desson,bdessonn6@etsy.com,Female,Färjestaden
836,Johnathon,Lyver,jlyvern7@aol.com,Female,"Dolega District"
837,Ash,Coleborn,acolebornn8@elegantthemes.com,Female,Vannes
838,Desi,Giraudeau,dgiraudeaun9@goo.ne.jp,Male,"Pesnica pri Mariboru"
839,Randi,Slator,rslatorna@nasa.gov,Female,Xinan
840,Constantino,Gertray,cgertraynb@mysql.com,Female,"Lom Sak"
841,Marve,Haburne,mhaburnenc@arstechnica.com,Female,"Puerto Aisén"
842,Gabriellia,Wynes,gwynesnd@digg.com,Female,Tempel
843,Christa,Scherme,cschermene@ehow.com,Male,Vacoas
844,Brinn,Harring,bharringnf@bluehost.com,Male,Kovernino
845,Pavel,Debrett,pdebrettng@elpais.com,Female,"Ulster Spring"
847,Delano,Stormont,dstormontni@netvibes.com,Female,Sentul
848,Fayette,Falkous,ffalkousnj@wikia.com,Female,"Moreira de Geraz do Lima"
849,Anthony,Horsell,ahorsellnk@telegraph.co.uk,Male,Sosnówka
850,Leo,Plumstead,lplumsteadnl@epa.gov,Male,Maji
851,Blinni,Drever,bdrevernm@amazon.co.jp,Female,Mendefera
852,Rip,Copper,rcoppernn@merriam-webster.com,Male,Ōgaki
853,Bond,Plampeyn,bplampeynno@irs.gov,Male,Guay
854,Pia,Hulkes,phulkesnp@phpbb.com,Male,"San Diego"
855,Kati,Mashal,kmashalnq@jugem.jp,Female,"Buôn Trấp"
857,Crissie,Moiser,cmoiserns@addthis.com,Male,"Vila Moreira"
858,Hoebart,Eginton,hegintonnt@opensource.org,Male,"Šmartno pri Litiji"
859,Ivie,Mosedall,imosedallnu@shop-pro.jp,Male,Bovec
860,Lorianna,Bank,lbanknv@gizmodo.com,Female,Jatisari
861,Valli,Tregian,vtregiannw@hatena.ne.jp,Female,Kletek
862,Amandi,Dobrowlski,adobrowlskinx@angelfire.com,Male,Kėdainiai
863,Ella,Deeble,edeebleny@arizona.edu,Female,Alegrete
864,Alonso,Brotherhed,abrotherhednz@mtv.com,Male,"San Luis"
865,Micheal,Abramsky,mabramskyo0@privacy.gov.au,Female,Zbýšov
866,Sutherlan,Barmadier,sbarmadiero1@booking.com,Female,"San Pedro de Atacama"
868,Morgen,Elgood,melgoodo3@reuters.com,Female,Jinshan
870,Onida,Lidgard,olidgardo5@kickstarter.com,Male,Wurno
872,Marten,Beckingham,mbeckinghamo7@4shared.com,Male,Huangcun
873,Merralee,Mogenot,mmogenoto8@marriott.com,Female,Libertad
874,Feodor,Heaslip,fheaslipo9@photobucket.com,Female,Przyborów
875,Anny,Ferenc,aferencoa@quantcast.com,Female,Naviraí
876,Paloma,Sancho,psanchoob@youtube.com,Male,Hengxianhe
878,Chrissie,Raoux,craouxod@fc2.com,Female,Lexington
879,Reg,Farbrother,rfarbrotheroe@lulu.com,Female,Zhongnan
880,Ricki,Pietruszka,rpietruszkaof@icio.us,Male,"Karangagung Timur"
882,Stormi,Limpenny,slimpennyoh@123-reg.co.uk,Male,"Al Mazra‘ah"
883,Martino,Newcomb,mnewcomboi@creativecommons.org,Male,Priupskiy
884,Conny,Dufoure,cdufoureoj@pbs.org,Male,Baiqiao
885,Lucilia,Crevy,lcrevyok@technorati.com,Female,Pakis
886,Elnora,Francomb,efrancombol@latimes.com,Female,Woja
887,Kerry,Mattei,kmatteiom@jiathis.com,Female,"Hai Riêng"
888,Bax,Glassborow,bglassborowon@hatena.ne.jp,Male,Mozdok
889,Gina,Whipple,gwhippleoo@forbes.com,Male,Kadupayung
890,Phillipp,Chaffin,pchaffinop@sfgate.com,Male,Čačinci
891,Clarita,Ewins,cewinsoq@acquirethisname.com,Male,Yashiga
893,Baird,Whiteley,bwhiteleyos@google.com.br,Male,Naga
894,Byrom,Aronow,baronowot@hostgator.com,Male,Malianchuan
895,Beck,Curnow,bcurnowou@state.tx.us,Female,Chengji
896,Page,Lawrey,plawreyov@comsenz.com,Female,"Le Mans"
897,Jocelyne,Weatherley,jweatherleyow@about.com,Female,"Novyye Kuz’minki"
898,Winnie,Tallant,wtallantox@flavors.me,Male,Charagua
899,Dode,Minihane,dminihaneoy@ameblo.jp,Male,Dajianchang
901,Myron,Brabham,mbrabhamp0@altervista.org,Male,Arenal
902,Caressa,Foro,cforop1@unc.edu,Male,Opatov
903,Vevay,Sparhawk,vsparhawkp2@discuz.net,Female,"Barra Bonita"
904,Karola,Coan,kcoanp3@spotify.com,Female,"Lagoa do Itaenga"
905,Hunt,Benedito,hbeneditop4@tinypic.com,Female,Jianxi
906,Nessa,Schubert,nschubertp5@tripadvisor.com,Female,Kitahama
907,Lucky,Dungate,ldungatep6@ovh.net,Female,Manjo
908,Anette,Armistead,aarmisteadp7@adobe.com,Male,"Juan L. Lacaze"
910,Jamal,Parcell,jparcellp9@auda.org.au,Female,Haputale
911,Peyton,Kettlestring,pkettlestringpa@miitbeian.gov.cn,Male,Shchastya
912,Izabel,Elderkin,ielderkinpb@bloglines.com,Male,Mandikbatu
913,Jessamyn,Revans,jrevanspc@newyorker.com,Male,Douane
914,Stormie,Sauvage,ssauvagepd@posterous.com,Female,Urek-urek
915,Fairleigh,Busek,fbusekpe@google.de,Female,"Kowale Oleckie"
916,Hayyim,Ohm,hohmpf@tinyurl.com,Female,Narew
917,Dasi,Suddock,dsuddockpg@newyorker.com,Male,Supu
918,Ibby,Frill,ifrillph@constantcontact.com,Male,Jamundí
919,Peterus,Fillimore,pfillimorepi@wix.com,Female,Cabrela
920,Reggie,Coltart,rcoltartpj@pcworld.com,Female,Mostovskoy
921,Pamela,Vasiliu,pvasiliupk@sfgate.com,Female,Lunel
923,Henry,Westmore,hwestmorepm@loc.gov,Female,Sakai
924,Hanny,Tipple,htipplepn@arstechnica.com,Female,Sölvesborg
925,Cullin,Kop,ckoppo@yelp.com,Female,Dahuang
927,Terrye,O'Garmen,togarmenpq@ustream.tv,Male,Jiguan
928,Gillan,Fellnee,gfellneepr@goodreads.com,Male,Xishaping
929,Ware,Derks,wderksps@yellowpages.com,Female,Mtinko
930,Garvy,Lipson,glipsonpt@feedburner.com,Male,Aubenas
931,Tailor,O'Hallihane,tohallihanepu@nps.gov,Male,Bisert’
932,Jacintha,Pennycuick,jpennycuickpv@google.nl,Female,"San Carlos"
933,Marcus,Bacher,mbacherpw@woothemes.com,Female,Guashe
935,Karina,Clausen,kclausenpy@elpais.com,Female,"Железный порт"
938,Margalo,Mercy,mmercyq1@dailymotion.com,Male,Turrialba
939,Francene,Northedge,fnorthedgeq2@weather.com,Female,"Novaya Igirma"
941,Eryn,Mazzei,emazzeiq4@opera.com,Male,Kašina
942,Rogers,Kemish,rkemishq5@latimes.com,Female,"Pho Thale"
944,Boothe,Brimmell,bbrimmellq7@microsoft.com,Male,"Punta Arenas"
945,Leo,Wintour,lwintourq8@creativecommons.org,Female,Solna
946,Ivie,Fillis,ifillisq9@e-recht24.de,Male,"El Asintal"
947,Kimberlee,Currey,kcurreyqa@sfgate.com,Female,Rūjayb
948,Binny,Janson,bjansonqb@msu.edu,Female,Regla
949,Haven,Bravington,hbravingtonqc@biblegateway.com,Female,Qihama
950,Mac,Fidgett,mfidgettqd@mtv.com,Female,Zyryanovsk
951,Klemens,Vanderson,kvandersonqe@shinystat.com,Male,Yangdang
952,Tymon,Waldren,twaldrenqf@aboutads.info,Female,"Al Abyār"
955,Gill,Coupland,gcouplandqi@infoseek.co.jp,Male,"Pār Naogaon"
956,Emmalee,Dinsell,edinsellqj@usa.gov,Male,Criciúma
957,Kacey,Perocci,kperocciqk@4shared.com,Female,Ribeirão
958,Devinne,Dolley,ddolleyql@cyberchimps.com,Male,Banfora
959,Marilin,Vann,mvannqm@so-net.ne.jp,Male,Ucluelet
960,Moyra,Hacon,mhaconqn@wp.com,Male,"Ban Talat Yai"
962,Katalin,Jery,kjeryqp@hubpages.com,Female,Zarechnyy
964,Melanie,Spurdon,mspurdonqr@discovery.com,Male,Nancheng
965,Loutitia,Sturdgess,lsturdgessqs@angelfire.com,Female,Landskrona
966,Wilden,Fulger,wfulgerqt@newsvine.com,Female,Pola
967,Terrence,Heintsch,theintschqu@house.gov,Female,Ozurgeti
968,Mayor,Vogt,mvogtqv@rakuten.co.jp,Male,Öjebyn
969,Ariel,Swaton,aswatonqw@51.la,Male,Tučepi
972,Broderic,Glasebrook,bglasebrookqz@nasa.gov,Male,Villanova
974,Maible,Housegoe,mhousegoer1@odnoklassniki.ru,Female,Krajan
975,Garrik,Nary,gnaryr2@amazon.co.uk,Female,Itabaiana
976,Richard,Heak,rheakr3@nymag.com,Female,"Roches Noire"
977,Ives,Deverall,ideverallr4@shinystat.com,Female,Trzebunia
978,Der,Guidera,dguiderar5@tripadvisor.com,Male,Timrå
979,Siffre,Reuter,sreuterr6@chronoengine.com,Female,Bourges
980,Burton,Leversuch,bleversuchr7@sakura.ne.jp,Female,Nagasari
981,Birch,Fricker,bfrickerr8@who.int,Female,Kanye
982,Marcella,Chartre,mchartrer9@parallels.com,Male,Alegria
983,Raphael,Fernihough,rfernihoughra@psu.edu,Male,Mansilingan
984,Godard,Cadore,gcadorerb@arstechnica.com,Male,"Parada de Todeia"
986,Alberto,Bulfoot,abulfootrd@oaic.gov.au,Female,Maketu
987,Sigrid,Olivi,solivire@mail.ru,Male,"Kuala Lumpur"
988,Angelico,Graver,agraverrf@cnn.com,Male,Nanlü
989,Kiley,Udale,kudalerg@angelfire.com,Male,Shanghudi
990,Lynde,Bodd,lboddrh@fc2.com,Female,"Utrecht (stad)"
991,Delinda,Holtham,dholthamri@upenn.edu,Male,Horki
992,Rebeka,Pulhoster,rpulhosterrj@ucoz.ru,Female,Nanyulinxi
993,Valentin,Grinnov,vgrinnovrk@washington.edu,Female,Golubinci
994,Godfrey,Kerton,gkertonrl@wisc.edu,Male,Taganskiy
996,Dyana,Callery,dcalleryrn@scribd.com,Male,Altkirch
997,Tab,Reyson,treysonro@seattletimes.com,Female,Brazzaville
998,Joceline,Pregel,jpregelrp@i2i.jp,Male,Yelizavetino
999,Wildon,Salleir,wsalleirrq@hp.com,Female,Qianshan
1000,Brittaney,Passmore,bpassmorerr@mediafire.com,Male,Sanfins
